epoch,train_loss,train_kl_loss,train_ce_loss,train_char_acc,train_sequence_acc,val_loss,val_kl_loss,val_ce_loss,val_char_acc,val_sequence_acc
1,0.004670959532177221,0.004715048882189876,0.00030610846982792594,0.9999224666971713,0.9983901977539062,0.003940024076655391,0.003978615453888779,0.00011947673271350823,0.9999548043124378,0.99896240234375
2,0.004575833439503185,0.0046190345624381735,0.0002989183373740545,0.9999237992451526,0.9984283447265625,0.0039019800988171482,0.003940164995583473,0.00012167175884769676,0.99996009003371,0.99908447265625
3,0.0045258270949943835,0.004568554454408513,0.0002958139618476352,0.9999245661892928,0.9984359741210938,0.0038743986806366593,0.00391226514329901,0.0001256133801277315,0.999954697676003,0.99896240234375
4,0.004485424704625984,0.0045277791132321,0.000292333966569025,0.9999248749227263,0.998443603515625,0.003853583677482675,0.0038911984775040764,0.00012971544522599743,0.999954697676003,0.99896240234375
5,0.0044532724848522776,0.004495325812513329,0.0002899887269620649,0.999926942109596,0.9984893798828125,0.003835337112832349,0.0038727370392734883,0.00013274042262167995,0.999954697676003,0.99896240234375
6,0.0044270745879657625,0.0044688784769277845,0.00028848499856604093,0.99992728268262,0.9984970092773438,0.0038194279513845686,0.003856644001643872,0.00013503629772770864,0.9999574427492917,0.9990234375
7,0.004402566809176278,0.004444138452072366,0.0002869701854075757,0.9999286685488187,0.9985275268554688,0.0038052713025535922,0.0038423268542828737,0.00013676887442670704,0.999954828992486,0.99896240234375
8,0.0043820506091378775,0.004423420598186567,0.00028641779691263025,0.9999279570183717,0.998504638671875,0.0037922603187325876,0.0038291691471386002,0.00013828337903731835,0.999954828992486,0.99896240234375
9,0.004363283681868779,0.004404469565542968,0.0002858767848454846,0.9999289577826858,0.9985198974609375,0.003779988895985298,0.0038167603906913428,0.00013960806805357606,0.9999522045254707,0.9989013671875
10,0.004343232341852854,0.004384234645158358,0.00028400063875722026,0.999928287405055,0.998504638671875,0.00376743009655911,0.0038040661074774107,0.000140461162793315,0.999954913277179,0.99896240234375
11,0.004323052500922131,0.004363873003512708,0.00028181839977214906,0.9999286419479176,0.9985122680664062,0.0037554151440417627,0.003791922454183805,0.00014118736591228753,0.999954913277179,0.99896240234375
12,0.00430381393607604,0.004344461596474503,0.00027969100908098454,0.9999296870664693,0.99853515625,0.003744276600627927,0.003780663848374388,0.00014193553228381006,0.9999523279257119,0.9989013671875
13,0.004286621992605433,0.00432711042117262,0.00027826351359738766,0.9999300155905075,0.9985427856445312,0.0037341334573284257,0.0037704093683714746,0.00014281427029771976,0.9999497728422284,0.99884033203125
14,0.00426942124136076,0.00430975316680815,0.00027655687248362426,0.9999299713526852,0.99853515625,0.003724968726601219,0.003761142783332616,0.00014373257560862385,0.9999524247832596,0.9989013671875
15,0.004252601135021905,0.004292780981359101,0.0002747920339860599,0.9999303054064512,0.9985427856445312,0.0037157623901293846,0.0037518362478294875,0.0001444464483029151,0.9999550404027104,0.99896240234375
16,0.0042368261022147635,0.004276861552625633,0.00027331279986775314,0.9999302945216186,0.9985427856445312,0.0037051385716040386,0.003741104530490702,0.00014450577256042152,0.9999524494633079,0.9989013671875
17,0.004222801494279338,0.004262703719859928,0.0002724765805961482,0.9999313353910111,0.9985580444335938,0.0036938079338142416,0.003729661159013631,0.00014433512064471188,0.9999524494633079,0.9989013671875
18,0.004209179357530957,0.0042489526490498974,0.00027161930955443836,0.9999323779484257,0.9985809326171875,0.003682582102555898,0.0037183246095082723,0.0001440710199460682,0.9999551973305643,0.99896240234375
19,0.004196218028255316,0.004235867511624747,0.0002709149111481679,0.9999320281203836,0.9985733032226562,0.003671261656563729,0.003706895233335672,0.00014353446827186644,0.9999524904415011,0.9989013671875
20,0.004183936921890563,0.004223467911742773,0.0002703651015556474,0.9999323631054722,0.9985809326171875,0.0036607246402127203,0.0036962559206585865,0.00014312503333968607,0.9999524904415011,0.9989013671875
21,0.004172292530483901,0.004211710365325416,0.00026992314311691246,0.9999327166588046,0.9985885620117188,0.0036500482055998873,0.0036854781556030503,0.0001424804893517262,0.9999524904415011,0.9989013671875
22,0.004160668525173605,0.004199975784104026,0.00026924612825940386,0.9999330579885282,0.9985885620117188,0.0036388928583619418,0.0036742185257025994,0.00014164734024291192,0.9999550813809037,0.99896240234375
23,0.00414904649824166,0.004188244538454455,0.00026843661333320057,0.9999327211407945,0.9985809326171875,0.003627329155278858,0.0036625478769565234,0.00014067155851194002,0.9999550813809037,0.99896240234375
24,0.004137265855661099,0.004176355406798393,0.00026739630451011465,0.9999337730696425,0.9986038208007812,0.0036162318265269278,0.0036513468839984853,0.00013983892643665286,0.9999550813809037,0.99896240234375
25,0.004125966951733062,0.004164951515122084,0.0002664906288085689,0.9999344620737247,0.9986190795898438,0.0036056295084563317,0.0036406450199137907,0.00013908973073739617,0.9999550813809037,0.99896240234375
26,0.00411489231601081,0.004153773980306141,0.00026560447946533117,0.9999351387959905,0.9986343383789062,0.003596848831875832,0.0036317770136520267,0.0001389556221980115,0.9999550813809037,0.99896240234375
27,0.004104046175370968,0.004142827475106969,0.00026469388140348826,0.9999347843113355,0.998626708984375,0.0035877911086572567,0.0036226306147000287,0.00013867677614598506,0.9999550813809037,0.99896240234375
28,0.0040934321159511455,0.004132115661377611,0.00026375734771555415,0.9999347858829424,0.998626708984375,0.0035792500730167376,0.00361400470501394,0.0001385379125053987,0.9999550813809037,0.99896240234375
29,0.004083292737732336,0.004121881738910815,0.0002629777908182973,0.9999340880895033,0.9986038208007812,0.003571170902432641,0.0036058441364730243,0.0001385178846859958,0.9999550813809037,0.99896240234375
30,0.004073625605087727,0.004112124480570856,0.0002622331198969263,0.9999337541521527,0.99859619140625,0.0035624389529402833,0.0035970265798823675,0.00013826090467006225,0.9999550813809037,0.99896240234375
31,0.004064226934815451,0.004102638830545402,0.0002614460777019545,0.9999330746941268,0.9985809326171875,0.0035534006619855063,0.0035879010538337752,0.00013785990497439116,0.9999550813809037,0.99896240234375
32,0.004055441010223149,0.00409376869015432,0.00026099631250087185,0.9999330929131247,0.9985809326171875,0.0035443964079604484,0.003578809979444486,0.00013744899094803031,0.9999550813809037,0.99896240234375
33,0.004047118735343247,0.004085364991169627,0.0002607355117039134,0.9999348052078858,0.9986114501953125,0.0035355401050765067,0.003569869586499408,0.00013691834762852295,0.9999576956033707,0.9990234375
34,0.004038925468194066,0.004077091919953091,0.0002604426744285959,0.9999347776756622,0.9986114501953125,0.0035268564788566437,0.0035611041148513323,0.00013633736567442156,0.9999576956033707,0.9990234375
35,0.004030372770557733,0.004068457551738902,0.00025997461077320594,0.9999354865285568,0.9986190795898438,0.00351813131783274,0.0035522970210877247,0.000135723050270542,0.9999576956033707,0.9990234375
36,0.004022127370262751,0.004060132603626698,0.0002596047274021629,0.9999351419392042,0.9986114501953125,0.0035094793365715304,0.0035435641402727924,0.00013508008235874058,0.9999576956033707,0.9990234375
37,0.004014473196320978,0.004052401761782676,0.00025954148301909896,0.9999351419392042,0.9986114501953125,0.0035008135837415466,0.0035348178880667547,0.00013438386428532567,0.9999576956033707,0.9990234375
38,0.0040077730134271405,0.004045631174903974,0.00025981109179973316,0.9999347839620896,0.9986038208007812,0.003492476876999717,0.003526403312207549,0.00013375713184871074,0.9999576956033707,0.9990234375
39,0.003999876830221183,0.0040376586691763805,0.0002594707689302922,0.9999344354728237,0.99859619140625,0.003483966067506117,0.0035178140897187404,0.00013300811821181924,0.9999576956033707,0.9990234375
40,0.0039926589558945125,0.0040303695188868005,0.0002593096472356393,0.9999344418174587,0.99859619140625,0.003475830628303811,0.003509602416670532,0.00013241902323812837,0.9999576956033707,0.9990234375
41,0.00398543168694232,0.004023071357551089,0.00025910111523863577,0.9999344346579164,0.99859619140625,0.0034677590047067497,0.0035014557652175426,0.00013177624334304028,0.9999603950418532,0.99908447265625
42,0.00397819332920335,0.004015762814105983,0.000258810452713476,0.999934081104584,0.9985885620117188,0.0034594686730997637,0.003493089709081687,0.00013098258725818823,0.9999603950418532,0.99908447265625
43,0.003971047428876773,0.00400854767826786,0.00025851900997420074,0.9999340966460295,0.9985885620117188,0.0034515783372626174,0.0034851262116717407,0.00013033649570814987,0.9999603950418532,0.99908447265625
44,0.003964453807384416,0.004001888428547318,0.0002584223544639386,0.999933778482955,0.9985809326171875,0.0034438468828739133,0.003477323152765166,0.0001296922625115826,0.9999603950418532,0.99908447265625
45,0.0039576273859438516,0.0039949959414116165,0.0002581364668445829,0.9999334391322918,0.9985733032226562,0.0034355949610471725,0.0034689966014411766,0.00012882772266920028,0.9999603950418532,0.99908447265625
46,0.003950717695715866,0.003988019069765869,0.0002578778032411577,0.9999341243528761,0.9985885620117188,0.0034284990088053746,0.0034618333374965005,0.00012839725256696966,0.9999603950418532,0.99908447265625
47,0.0039444649896722694,0.003981703654289959,0.000257833852310263,0.9999344461830333,0.9986038208007812,0.003421480099859764,0.003454747844443773,0.00012797014822751862,0.9999603950418532,0.99908447265625
48,0.003938265573196986,0.00397544327529431,0.000257669113429948,0.9999337659101002,0.9985885620117188,0.0034145373374485644,0.0034477392546250485,0.000127543976454092,0.9999603950418532,0.99908447265625
49,0.0039319850091033,0.003969102246855982,0.0002573747322340836,0.9999344671959989,0.9986038208007812,0.0034076048814313253,0.003440741491431254,0.000127076910878543,0.9999603950418532,0.99908447265625
50,0.0039257262228602485,0.003962782340749982,0.00025716695862154637,0.9999337838380598,0.9985885620117188,0.003400773897737963,0.003433846046391409,0.00012662830744147868,0.9999630292877555,0.9991455078125
51,0.003919248063994019,0.003956242087724604,0.0002568356112995218,0.9999337838380598,0.9985885620117188,0.0033940135581360664,0.003427022542382474,0.0001261214875896144,0.9999630292877555,0.9991455078125
52,0.003913349684125933,0.003950285273049303,0.0002567228505743202,0.9999341273214668,0.99859619140625,0.0033872171316033928,0.0034201627440779703,0.00012559904349984663,0.9999630292877555,0.9991455078125
53,0.003907157241656023,0.003944033040170325,0.00025645001237872833,0.9999337829649448,0.9985885620117188,0.0033805742950789863,0.0034134580891986843,0.000125075134342012,0.9999630292877555,0.9991455078125
54,0.003901122753177333,0.003937939835168436,0.0002562283689551137,0.9999341297661886,0.99859619140625,0.003373915276824846,0.0034067375818267465,0.00012450386730478158,0.9999630292877555,0.9991455078125
55,0.003894900811246771,0.003931658307692487,0.00025590469275016403,0.9999348181881942,0.9986114501953125,0.0033673294565232936,0.0034000909436144866,0.000123939242570259,0.9999657040461898,0.99920654296875
56,0.0038888608312390716,0.003925560249399496,0.0002556152129669087,0.9999351713922806,0.9986190795898438,0.0033603309784666635,0.0033930293120647548,0.00012319206537370064,0.9999631368555129,0.9991455078125
57,0.0038827324970043264,0.003919373535154591,0.0002552664480566236,0.999935508123599,0.998626708984375,0.003353574422362726,0.00338621117589355,0.00012253289257557753,0.9999631368555129,0.9991455078125
58,0.0038768252243244206,0.003913409594360928,0.0002549692578170948,0.9999358392087743,0.9986343383789062,0.0033465459400758846,0.0033791196292440873,0.00012174657747010542,0.9999631368555129,0.9991455078125
59,0.003871294286682314,0.003907824700490892,0.00025477988162325715,0.9999361998052336,0.9986419677734375,0.0033393432531738654,0.003371852990312618,0.00012087693148998824,0.9999631368555129,0.9991455078125
60,0.0038658105877402704,0.0039022874589136336,0.00025459669473093527,0.9999361973023042,0.9986419677734375,0.003331889356559259,0.00336433407937875,0.00011985975574191343,0.9999631368555129,0.9991455078125
61,0.003860572821849928,0.0038969975869349582,0.0002545175652599596,0.9999368579010479,0.9986572265625,0.003324554132632329,0.0033569350343896076,0.00011884113156668263,0.9999631368555129,0.9991455078125
62,0.0038553071060505317,0.0038916797948331805,0.0002544070024583789,0.999936513544526,0.9986495971679688,0.0033173840238305274,0.0033497022068331717,0.00011788044557192734,0.9999631368555129,0.9991455078125
63,0.0038505023167090258,0.0038868253432156052,0.000254519436039935,0.9999368650605902,0.9986572265625,0.0033100249147537397,0.003342279262142256,0.00011684077086471234,0.9999631368555129,0.9991455078125
64,0.0038449679552741145,0.0038812364080058614,0.0002543874634293175,0.9999375581392087,0.9986648559570312,0.003303296685771784,0.003335491936013568,0.00011596320756268597,0.9999631368555129,0.9991455078125
65,0.0038395488129481237,0.0038757637157686986,0.00025426986939169893,0.9999375551124103,0.9986572265625,0.0032961439101200085,0.003328277623950271,0.00011490231668886963,0.9999631368555129,0.9991455078125
66,0.003834346703342817,0.003870509656280774,0.00025421059006802693,0.9999375551124103,0.9986572265625,0.003289086504082661,0.003321159341794555,0.00011387283329611364,0.9999631368555129,0.9991455078125
67,0.0038309609872158035,0.003867085192950981,0.00025466139181151703,0.999936840729788,0.9986419677734375,0.003280324288425618,0.0033123259727290133,0.00011215351993598688,0.9999657683074474,0.99920654296875
68,0.003824783364052564,0.003860849833699831,0.00025419871733145527,0.9999371825251728,0.9986495971679688,0.003272538966484717,0.0033044754054571968,0.00011082993302835575,0.9999657683074474,0.99920654296875
69,0.0038191064950297005,0.003855118597357432,0.00025390461113339313,0.999936846725177,0.9986419677734375,0.0032653606413077796,0.0032972359331324697,0.00010970258383480314,0.9999657683074474,0.99920654296875
70,0.0038167055477060785,0.0038526836485743843,0.0002548703613713954,0.9999361706431955,0.998626708984375,0.003258348169765668,0.003290163511337596,0.00010862626049856772,0.9999657683074474,0.99920654296875
71,0.0038123345150324894,0.0038482663949253038,0.0002550746540652682,0.9999354840256274,0.9986114501953125,0.0032516190058231587,0.003283376658146153,0.00010760886767968714,0.9999657683074474,0.99920654296875
72,0.003807771783840508,0.0038436565848769533,0.00025517277688980045,0.9999354669125751,0.9986114501953125,0.003244712312152842,0.0032764107072580373,0.0001065677707146051,0.9999657683074474,0.99920654296875
73,0.003803344201969594,0.003839183087393394,0.0002552906902026919,0.9999354613828473,0.9986114501953125,0.0032383743728132686,0.0032700172396289418,0.00010572638643679966,0.9999657683074474,0.99920654296875
74,0.003797536297042825,0.0038333205238814116,0.00025489421227842257,0.9999358063214459,0.9986190795898438,0.0032319175315933535,0.00326350436625944,0.00010481746016210991,0.9999657683074474,0.99920654296875
75,0.003792229317014062,0.0038279625123323058,0.00025463912287726487,0.9999361590016633,0.998626708984375,0.0032254140569420997,0.003256945024986635,0.0001038455828350493,0.9999631545506418,0.9991455078125
76,0.003786429474757824,0.0038221087177134905,0.0002541807756752945,0.9999364974792115,0.9986343383789062,0.003219385111151496,0.003250862424465595,0.00010312668249667922,0.9999631545506418,0.9991455078125
77,0.0037796941635406256,0.003815313229779349,0.00025340293158482297,0.9999365002731793,0.9986343383789062,0.0032139528320840327,0.0032453804997203406,0.00010261115975396251,0.9999631545506418,0.9991455078125
78,0.0037734533839284268,0.003809016281820732,0.00025272248717644885,0.9999375408515334,0.9986572265625,0.0032084463964565657,0.0032398238945461344,0.00010207045573196183,0.9999657389707863,0.99920654296875
79,0.0037671176937692508,0.003802624751415351,0.00025191538952284986,0.9999382470850833,0.9986724853515625,0.0032028058922151104,0.0032341331843781518,0.0001014010360336215,0.9999657389707863,0.99920654296875
80,0.0037611071970786725,0.003796560444015995,0.0002512323670567085,0.9999386001145467,0.9986801147460938,0.003197167559847003,0.0032284447115671355,0.00010072653115145158,0.9999657389707863,0.99920654296875
81,0.003754442273930181,0.0037898384916843497,0.00025021279666859186,0.9999389408621937,0.998687744140625,0.0031914136106934166,0.0032226401490333956,9.998339243111332e-05,0.9999657389707863,0.99920654296875
82,0.0037474622413355974,0.003782799816917759,0.0002490381203958947,0.9999389305594377,0.998687744140625,0.0031855391862336546,0.0032167152985493885,9.910100173726732e-05,0.9999657389707863,0.99920654296875
83,0.003711972259225149,0.003747100909549772,0.00023423241067366263,0.99994375690585,0.9987869262695312,0.0031817493563721655,0.0032128838593052933,9.943014850932741e-05,0.9999657389707863,0.99920654296875
84,0.00370769693654438,0.0037427835350172245,0.00023411983152321625,0.9999451119219884,0.9988174438476562,0.0031756491589476354,0.0032067291904240847,9.872182073422664e-05,0.9999657389707863,0.99920654296875
85,0.003705079547899004,0.003740131191761975,0.00023496304607650842,0.9999444061540999,0.9988021850585938,0.0031709549184597563,0.003201991887181066,9.829197956889857e-05,0.9999683261848986,0.999267578125
86,0.0037335223887566826,0.003768694517930271,0.0002514780173390463,0.9999412692268379,0.9987335205078125,0.003165763042488834,0.0031967584527592408,9.72140094646079e-05,0.9999683261848986,0.999267578125
87,0.0037278896068073664,0.003763009717431487,0.0002509950197318034,0.9999405911075883,0.99871826171875,0.0031615864845662145,0.0031925441981002223,9.67697377376453e-05,0.9999683261848986,0.999267578125
88,0.003721134429497397,0.0037561990257017897,0.0002497358671487149,0.9999412777833641,0.9987335205078125,0.00315627826967102,0.003187190335665946,9.598065272342637e-05,0.9999683261848986,0.999267578125
89,0.003714653315682881,0.0037496638371976587,0.00024860831720019405,0.9999419512460008,0.9987411499023438,0.0031508378797298064,0.00318170307946275,9.518005582975775e-05,0.9999683261848986,0.999267578125
90,0.0037072725181133137,0.0037422242864977306,0.0002470443723368021,0.9999426349531859,0.9987564086914062,0.003145704737107735,0.003176523177899071,9.467579086219757e-05,0.9999683261848986,0.999267578125
91,0.0037029134703061573,0.0037378206789071555,0.00024709644355702665,0.9999433225020766,0.9987716674804688,0.0031413230353791732,0.003172099348375923,9.44643274323198e-05,0.9999683261848986,0.999267578125
92,0.0036980679024054552,0.0037329298108943476,0.0002467352268631373,0.9999433269840665,0.9987716674804688,0.0031375189046229934,0.003168257340803393,9.441021693135099e-05,0.9999683261848986,0.999267578125
93,0.0036936773806246492,0.0037284971942881384,0.0002465119169920982,0.9999447040027007,0.9988021850585938,0.0031329904704762157,0.0031636872026865603,9.40101218276368e-05,0.9999683261848986,0.999267578125
94,0.003687409265921815,0.0037221772108750883,0.00024537943236424553,0.9999440319370478,0.9987869262695312,0.0031291660452552605,0.0031598255100107053,9.387606066013632e-05,0.9999683261848986,0.999267578125
95,0.003681568273350422,0.003716286500548449,0.0002444609641854001,0.9999437047517858,0.998779296875,0.003125140741758514,0.003155761618472752,9.367156628314888e-05,0.9999683261848986,0.999267578125
96,0.0036759487356903264,0.003710618463173887,0.00024364200412119175,0.9999444055138156,0.9987945556640625,0.0031205026298266603,0.0031510809749306645,9.32435126159703e-05,0.9999683261848986,0.999267578125
97,0.0036701558424283576,0.0037047767057174497,0.00024268673720406753,0.999945099290926,0.998809814453125,0.0031162078976194607,0.0031467465832974995,9.287569763927195e-05,0.9999683261848986,0.999267578125
98,0.003666904239253199,0.0037014890674527123,0.00024300315937253458,0.9999450896284543,0.998809814453125,0.0031116872960410547,0.0031421850908373017,9.240181736913655e-05,0.9999683261848986,0.999267578125
99,0.0036574584225945728,0.003691976523896301,0.00024016271874938155,0.9999461192637682,0.9988327026367188,0.0031078343290573684,0.0031382945762743475,9.226760541025669e-05,0.9999683261848986,0.999267578125
100,0.003651748952734124,0.0036862191586806148,0.0002391951340321441,0.9999464552965946,0.99884033203125,0.003103533299508854,0.0031339535780716687,9.192324029072552e-05,0.9999683261848986,0.999267578125
